Source_URL,LinkedIn_URL
https://ipsciences.edu/,Connection Error
https://manhattan.edu/,https://www.linkedin.com/school/manhattan-university
https://resu.edu/,Connection Error
https://saintjosephabbey.com/,Not Found
https://stkate.edu/,https://www.linkedin.com/school/st.-catherine-university/
https://www.acs350.org/,Not Found
https://www.ai.edu/,https://www.linkedin.com/school/aquinas-institute-of-theology/
https://www.albertus.edu/,Not Found
https://www.alvernia.edu/,https://www.linkedin.com/company/alvernia-university
https://www.alverno.edu/,Connection Error
https://www.annamaria.edu/,Not Found
https://www.anselm.edu/,Not Found
https://www.aquinas.edu/,https://www.linkedin.com/school/aquinas-college-gr/
https://www.aquinascollege.edu/,Not Found
https://www.assumption.edu/,https://www.linkedin.com/school/assumption-college/
https://www.athenaeum.edu/,Not Found
https://www.augustineinstitute.org/,Not Found
https://www.avemaria.edu/,https://linkedin.com/school/ave-maria-university
https://www.avemarialaw.edu/,https://www.linkedin.com/school/ave-maria-school-of-law/%20
https://www.avila.edu/,Not Found
https://www.barry.edu/,https://www.linkedin.com/school/barry-university
https://www.bc.edu/,https://www.linkedin.com/school/boston-college/
https://www.bcs.edu/,Not Found
https://www.bellarmine.edu/,https://www.linkedin.com/school/bellarmine-university/
https://www.belmontabbeycollege.edu/,https://www.linkedin.com/school/belmont-abbey-college/
https://www.ben.edu/,https://www.linkedin.com/school/19258/
https://www.benedictine.edu/,https://www.linkedin.com/school/benedictine-college
https://www.brescia.edu/,Not Found
https://www.briarcliff.edu/,Not Found
https://www.cabrini.edu/,Connection Error
https://www.caldwell.edu/,https://www.linkedin.com/school/caldwell-university/
https://www.canisius.edu/,https://www.linkedin.com/school/canisius-university/
https://www.caritaschristi.org/,Connection Error
https://www.carlow.edu/,Not Found
https://www.carroll.edu/,Not Found
https://www.cbu.edu/,Not Found
https://www.ccsj.edu/,https://www.linkedin.com/company/calumet-college-of-st.-joseph
https://www.cdu.edu/,Not Found
https://www.chaminade.edu/,https://www.linkedin.com/school/chaminade-university
https://www.chc.edu/,https://www.linkedin.com/school/chestnut-hill-college
https://www.cks.edu/,Connection Error
https://www.clarke.edu/,Not Found
https://www.cmsv.edu/,Connection Error
https://www.cnr.edu/Home/Home/,Connection Error
https://www.creighton.edu/,Not Found
https://www.csbsju.edu/,https://www.linkedin.com/company/csbsju
https://www.cse.edu/,Connection Error
https://www.csj.edu/,Connection Error
https://www.csm.edu/,Not Found
https://www.css.edu/,https://www.linkedin.com/school/the-college-of-st.-scholastica/
https://www.ctu.edu/,Not Found
https://www.cua.edu/,Not Found
https://www.dc.edu/,Not Found
https://www.depaul.edu/,https://www.linkedin.com/school/depaul-university
https://www.desales.edu/,https://www.linkedin.com/school/desales-university
https://www.dhs.edu/,Not Found
https://www.dom.edu/,Not Found
https://www.dominican.edu/,https://www.linkedin.com/school/dominican-university-of-california
https://www.donnelly.edu/,Connection Error
https://www.dspt.edu/,Not Found
https://www.duq.edu/,https://www.linkedin.com/school/duquesne-university/
https://www.dwci.edu/,Not Found
https://www.dyc.edu/,https://www.linkedin.com/school/dyouville
https://www.edgewood.edu/,https://www.linkedin.com/school/edgewood-university/
https://www.elms.edu/,https://www.linkedin.com/school/elms-college/
https://www.emmanuel.edu/,Not Found
https://www.fairfield.edu/,https://www.linkedin.com/school/fairfield-university/
https://www.felician.edu/,https://www.linkedin.com/school/37333/
https://www.fishermore.edu/,Connection Error
https://www.fontbonne.edu/,https://www.linkedin.com/school/fontbonne-university/
https://www.fordham.edu/,https://www.linkedin.com/school/7338?pathWildcard=7338
https://www.franciscan.edu/,Not Found
https://www.fst.edu/,https://www.linkedin.com/school/fstedu/
https://www.gannon.edu/,Not Found
https://www.georgetown.edu/,Not Found
https://www.georgian.edu/,https://www.linkedin.com/school/georgian-court-university/
https://www.gmc.edu/,Not Found
https://www.gonzaga.edu/,Not Found
https://www.gscollege.edu/,Not Found
https://www.hcc-nd.edu/,https://www.linkedin.com/school/holycrossnd/
https://www.hilbert.edu/,https://www.linkedin.com/school/hilbert-college/
https://www.holyapostles.edu/,https://www.linkedin.com/school/holy-apostles-college-and-seminary/
https://www.holycross.edu/,https://www.linkedin.com/school/college-of-the-holy-cross/
https://www.holyfamily.edu/,https://www.linkedin.com/school/holy-family-university/
https://www.holyname.org/SchoolOfNursing/,Not Found
https://www.holyspiritcollege.org/,Not Found
https://www.icseminary.edu/,Not Found
https://www.immaculata.edu/,Not Found
https://www.iona.edu/,https://www.linkedin.com/school/iona-college/
https://www.jcu.edu/,https://www.linkedin.com/school/john-carroll-university/
https://www.jpcatholic.com/,https://www.linkedin.com/school/jpcatholic/
https://www.kings.edu/,https://www.linkedin.com/school/kings-college/
https://www.laroche.edu/,https://www.linkedin.com/school/la-roche-university/
https://www.lasalle.edu/,https://www.linkedin.com/school/lasalleuniversity
https://www.lemoyne.edu/,https://www.linkedin.com/company/le-moyne-college?trk=biz-companies-cym
https://www.lewisu.edu/,Connection Error
https://www.lmu.edu/,https://www.linkedin.com/school/loyola-marymount-university/
https://www.loras.edu/,Not Found
https://www.lourdes.edu/,Not Found
https://www.loyno.edu/,Not Found
https://www.loyola.edu/,https://www.linkedin.com/school/loyola-university-maryland/
https://www.luc.edu/,https://www.linkedin.com/school/loyola-university-chicago/
https://www.maccsa.org/,https://www.linkedin.com/company/mexican-american-catholic-college
https://www.madonna.edu/,https://www.linkedin.com/school/madonna-university/
https://www.magdalen.edu/,Connection Error
https://www.manor.edu/,Not Found
https://www.mariacollege.edu/,Not Found
https://www.marian.edu/,https://www.linkedin.com/school/marian-university-indianapolis
https://www.mariancourt.edu/,Connection Error
https://www.marianuniversity.edu/,Not Found
https://www.marygrove.edu/,Not Found
https://www.marylhurst.edu/,Connection Error
https://www.marymount.edu/,Not Found
https://www.marymountpv.edu/,Connection Error
https://www.marywood.edu/,https://www.linkedin.com/school/marywoodu
https://www.mccn.edu/,Connection Error
https://www.mchs.edu/,https://www.linkedin.com/school/mercy-college-of-health-sciences/
https://www.mercycollege.edu/,Not Found
https://www.mercyhurst.edu/,https://www.linkedin.com/school/mercyhurst-university/
https://www.merrimack.edu/,https://www.linkedin.com/school/merrimack-college/
https://www.misericordia.edu/,https://www.linkedin.com/school/misericordiau/
https://www.molloy.edu/,Not Found
https://www.mountangelabbey.org/seminary/,Not Found
https://www.msj.edu/,https://www.linkedin.com/school/mount-st-joseph-university/
https://www.msmary.edu/,Not Found
https://www.msmc.edu/,https://www.linkedin.com/school/mount-saint-mary-college
https://www.msmc.la.edu/,Connection Error
https://www.mtaloy.edu/,Not Found
https://www.mtmary.edu/,https://www.linkedin.com/school/mount-mary-university
https://www.mtmc.edu/,Connection Error
https://www.mtmercy.edu/,https://www.linkedin.com/company/mount-mercy-university
https://www.mu.edu/,http://www.linkedin.com/company/7160?goback=.fcs_GLHD_marquette_false_*2_*2_*2_*2_*2_*2_*2_*2_*2_*2_*2_*2&trk=ncsrch_hits
https://www.nd.edu/,https://www.linkedin.com/school/university-of-notre-dame/
https://www.ndm.edu/,https://www.linkedin.com/school/notre-dame-of-maryland-university/
https://www.ndnu.edu/,https://www.linkedin.com/school/notre-dame-de-namur-university/
https://www.nds.edu/,Not Found
https://www.neumann.edu/,Not Found
https://www.newmanu.edu/,Not Found
https://www.niagara.edu/,https://www.linkedin.com/school/niagara-university/
https://www.notredamecollege.edu/,Connection Error
https://www.ohiodominican.edu/,https://www.linkedin.com/school/ohio-dominican-university/
https://www.olhcc.edu/,Connection Error
https://www.ollusa.edu/,Not Found
https://www.ololcollege.edu/,Connection Error
https://www.ost.edu/,https://www.linkedin.com/school/oblate-school-of-theology/
https://www.providence.edu/,https://www.linkedin.com/school/providence-college
https://www.quincy.edu/,https://www.linkedin.com/school/quincy-university/
https://www.regis.edu/,https://www.linkedin.com/school/regis-university/
https://www.regiscollege.edu/,https://www.linkedin.com/school/regis-college/
https://www.rivier.edu/,https://www.linkedin.com/school/rivieruniversity/
https://www.rockhurst.edu/,Not Found
https://www.rosemont.edu/,https://www.linkedin.com/school/rosemont-college/
https://www.sacn.edu/,Not Found
https://www.sacredheart.edu/,https://www.linkedin.com/school/sacred-heart-university/
https://www.saintjoe.edu/,https://www.linkedin.com/school/saintjoe/
https://www.saintleo.edu/,https://www.linkedin.com/school/saint-leo-university/
https://www.saintmarys.edu/,Not Found
https://www.saintmeinrad.edu/,Not Found
https://www.saintvincentseminary.edu/,Not Found
https://www.salve.edu/,Not Found
https://www.sandiego.edu/,Not Found
https://www.sau.edu/,Connection Error
https://www.sbu.edu/,https://www.linkedin.com/school/st-bonaventure-university/
https://www.sccky.edu/,Connection Error
https://www.scs.edu/,Not Found
https://www.scu.edu/,Not Found
https://www.scu.edu/jst/,Not Found
https://www.seattleu.edu/,https://www.linkedin.com/school/seattle-university/
https://www.secon.edu/,Not Found
https://www.setonhill.edu/,https://www.linkedin.com/school/seton-hill-university/
https://www.sf.edu/,Not Found
https://www.sfcpa.edu/,Connection Error
https://www.sfmccon.edu/,Not Found
https://www.shc.edu/,Not Found
https://www.shst.edu/index.aspx/,Connection Error
https://www.shu.edu/,Not Found
https://www.siena.edu/,https://www.linkedin.com/school/sienauniversity
https://www.sienaheights.edu/,Not Found
https://www.sjcme.edu/,Not Found
https://www.sjcny.edu/,Not Found
https://www.sjs.edu/,https://www.linkedin.com/school/sjsboston/
https://www.sju.edu/,https://www.linkedin.com/school/saint-joseph%27s-university
https://www.sl.edu/,Connection Error
https://www.slu.edu/,https://www.linkedin.com/company/saint-louis-university
https://www.smcvt.edu/,Not Found
https://www.smumn.edu/,https://www.linkedin.com/school/saint-mary's-university-of-minnesota/
https://www.smwc.edu/,https://www.linkedin.com/school/saint-mary-of-the-woods-college/
https://www.snc.edu/,Not Found
https://www.spalding.edu/,Not Found
https://www.spc.edu/pages/1.asp/,Not Found
https://www.sscms.edu/,Not Found
https://www.stac.edu/,https://www.linkedin.com/school/st.-thomas-aquinas-college/
https://www.stbernards.edu/,Not Found
https://www.stedwards.edu/,https://www.linkedin.com/school/st-edwards-university/
https://www.steson.org/Index.aspx?tabindex=0&tabid=1/,Not Found
https://www.stfranciscollege.edu/,Connection Error
https://www.stgregorys.edu/,Connection Error
https://www.stjohns.edu/,https://www.linkedin.com/school/st.-john's-university/
https://www.stjohnsem.edu/,Not Found
https://www.stmartin.edu/,Not Found
https://www.stmary.edu/,Not Found
https://www.stmarys.edu/,https://www.linkedin.com/school/ecumenicalinst/
https://www.stmarysem.edu/,Not Found
https://www.stmarytx.edu-ca.edu/,Connection Error
https://www.stonehill.edu/,https://www.linkedin.com/school/stonehill-college/
https://www.strose.edu/,Connection Error
https://www.stthom.edu/,Connection Error
https://www.stthomas.edu/,https://www.linkedin.com/school/universityofstthomas/
https://www.stu.edu/,https://www.linkedin.com/school/stumiami/
https://www.stvincent.edu/,https://www.linkedin.com/school/saintvincentcollege/
https://www.stvincentscollege.edu/,Connection Error
https://www.sxu.edu/,Not Found
https://www.thomasaquinas.edu/,Not Found
https://www.thomasmore.edu/,https://www.linkedin.com/school/thomasmoreky/
https://www.thomasmorecollege.edu/,Not Found
https://www.trinitydc.edu/,https://www.linkedin.com/school/trinity-washington-university/
https://www.trocaire.edu/,http://www.linkedin.com/company/trocaire-college
https://www.udallas.edu/,Not Found
https://www.udayton.edu/,https://www.linkedin.com/company/university-of-dayton
https://www.udmercy.edu/,https://www.linkedin.com/company/university-of-detroit-mercy/
https://www.ugf.edu/,Connection Error
https://www.uiw.edu/,https://www.linkedin.com/school/university-of-the-incarnate-word/
https://www.umary.edu/,https://www.linkedin.com/school/university-of-mary/
https://www.uofs.edu/,Connection Error
https://www.up.edu/,https://www.linkedin.com/school/university-of-portland/
https://www.ursuline.edu/,https://www.linkedin.com/school/ursuline-college/
https://www.usfca.edu/,https://www.linkedin.com/school/university-of-san-francisco/
https://www.usj.edu/,Not Found
https://www.usml.edu/,https://www.linkedin.com/school/university-of-saint-mary-of-the-lake/
https://www.villa.edu/,Not Found
https://www.villanova.edu/,Not Found
https://www.viterbo.edu/,Not Found
https://www.walsh.edu/,Not Found
https://www.wju.edu/,Connection Error
https://www.wtu.edu/,Connection Error
https://www.wyomingcatholiccollege.com/,Connection Error
https://www.xu.edu/,Connection Error
https://www.xula.edu/,Not Found
https://www2.cbu.edu/cbu/index.htm/,Connection Error
